<?xml version="1.0" encoding="UTF-8"?><ValueSet xmlns="http://hl7.org/fhir"><id value="IPS.HAJJ.TRANSACTION"/><text><status value="generated"/><div xmlns="http://www.w3.org/1999/xhtml"><p class="res-header-id"><b>Generated Narrative: ValueSet IPS.HAJJ.TRANSACTION</b></p><a name="IPS.HAJJ.TRANSACTION"> </a><a name="hcIPS.HAJJ.TRANSACTION"> </a><a name="IPS.HAJJ.TRANSACTION-en-US"> </a><ul><li>Include all codes defined in <a href="CodeSystem-IPS.HAJJ.TRANSACTION.html"><code>http://smart.who.int/ips-pilgrimage/CodeSystem/IPS.HAJJ.TRANSACTION</code></a></li></ul></div></text><url value="http://smart.who.int/ips-pilgrimage/ValueSet/IPS.HAJJ.TRANSACTION"/><version value="1.0.1"/><name value="IPS_HAJJ_TRANSACTION"/><title value="IPS.HAJJ.TRANSACTION ValueSet of transaction"/><status value="active"/><experimental value="true"/><date value="2024-11-26T09:22:15+00:00"/><publisher value="WHO"/><contact><name value="WHO"/><telecom><system value="url"/><value value="http://who.int"/></telecom><telecom><system value="email"/><value value="smart@who.int"/></telecom></contact><description value="ValueSet of codes for transaction for Hajj"/><compose><include><system value="http://smart.who.int/ips-pilgrimage/CodeSystem/IPS.HAJJ.TRANSACTION"/></include></compose></ValueSet>